sentence_a,sentence_b,label
用一边也造句,用一边同时造句,0
找一张搞笑的图片！,求一张搞笑图片,1
红领巾像什么,红领巾脏了用什么洗,0
我的世界红石有什么用。,我的世界红石在哪,0
求这类头像！,求这类头像,1
有什么软件可以调节屏幕亮度,什么软件可以调节电脑屏幕亮度,1
最近有什么好看的搞笑的电影,最近有什么好看的电影搞笑的,1
爸爸别走的片尾曲是什么啊？,爸爸，去哪了主题曲叫什么,0
怀孕了能做头发吗？,怀孕前可以染头发吗,0
关于毛坦厂中学,毛坦厂中学，急,1
很抱歉的，建议您电话联系对方,您好。，建议您联系运营商咨询一下，小二不是很清楚,0
求三生三世枕上书的全文,求三生三世枕上书全文,1
求娱乐圈重生耽美文,求重生娱乐圈耽美文,1
用黄瓜片敷在脸上起什么作用,黄瓜片贴在脸上有什么作用,1
辛苦您提供下正确的身份证的后8位这边帮您核实下,辛苦您提供i下正确的身份证的后8位这边帮您核实下,1
馒头和包子的区别是什么？,包子和馒头的区别是什么？,1
关于描写鱼的好句,描写人又矮又瘦的好词好句,0
找一首中文歌,寻一首中文歌,1
揣摩的意思是什么,揣摩是什么意思？,1
今天高速还收费吗?,今天上高速收费吗？,1
安卓手机在哪里可以升级版本？,手机上可以玩侠盗飞车吗,0
朝霞不出门，晚霞行千里。是什么意思呢？,朝霞不出门晚霞行千里什么意思,1
寻80年代街头电子游戏厅里的游戏名称,以前电子游戏厅里都有什么麻将,0
橙光游戏什么？,橙光游戏是什么？,1
氩弧焊机的价格,氩弧焊机价格,1
上赶集网找工作,赶集网的要工作靠谱吗,0
优酷视频的密码怎么破解？,怎么破解优酷的视频密码,1
飞机头发型怎么剪,飞机头发型自己怎么抓？,0
天天酷跑下一个坐骑是什么？,天天酷跑，下一个坐骑是什么？,1
女如何炼腹肌视频,如何练腹肌视频,1
梦见自己喜欢的男生成佛了是什么意思？,我是男的，梦见自己喜欢猫，什么意思,0
属猴的和属鸡的能结婚吗,属鸡的可以和属虎的结婚吗？,0
黄冈烟草网上订货新商盟,新商盟烟草网上订货,0
没身份证怎么买火车票？,没身份证怎么买火车票,1
死飞自行车大概多少钱？,死飞自行车多少钱,1
怎样关闭新浪微博,新浪微博如何关闭？,1
求一部电影的名字,求一部电影的名字！,1
大姨妈是什么意思,你大姨妈来了是什么意思？,1
八仙的是什么,笑八仙指的是什么,0
亲，很抱歉，由于咨询量比较大，让您久等了。,您好，很抱歉，目前短信校验服务已经下线了,0
摩尔庄园糯米在哪里,摩尔庄园谁能帮我修复水系图腾？,0
时空猎人号被盗，怎么找回，官方版本的,我的时空猎人号被盗了，怎么找回,1
这是什么动漫人物,这是哪个动漫的人物？,1
怎么去跟喜欢的人聊天？,怎么跟喜欢的人聊天？,1
好看的动画片是什么,什么动画片最好看？,1
如何写小说赚钱？,怎样看小说赚钱,0
这张图片什么含义？,这张图片的含义,1
电脑我的世界,我的世界电脑版怎么玩,1
这个表情是什么系列？,这个系列表情叫什么,1
高数微积分求极限问题,微积分极限问题，求解答,0
这是什么电影的图,这图是什么电影的？,1
我的世界哪个地图有狼,我的世界里地图咋做,0
申请多伦多大学的条件是什么,多伦多大学读研的申请条件是什么,1
快手怎么上热门？,快手怎么上热门？泊宅式,1
微乐怎么加粉丝,微乐怎么加粉丝快,1
英雄联盟这是什么啊,这是英雄联盟的谁,1
我是歌手双年巅峰会邓紫棋唱什么歌了,我是歌手双年巅峰会邓紫棋唱什么,1
最新有什么好看得电影呀,有什么最新好看的电影？,1
就是您的账户是可以在阿里巴巴旗下的网址通用的账户的。,是您的这个账户是可以在阿里巴巴旗下的网址通用的账户的。,1
淘宝集分宝有什么用？,淘宝集分宝有什么有，,1
现在什么歌最好听最流行,现在什么歌最好听，最流行？,1
人的生命为什么很脆弱,人的生命为什么那么脆弱和短暂,1
太阳黑子小说,太阳黑子的全部小说,1
属蛇的守护神是什么？,属蛇守护神是什么,1
梦幻西游新手怎么赚钱,梦幻西游新手怎么赚钱？,1
银行卡怎么转账到余额宝,余额宝转账到银行卡怎么取消,0
您到朋友-消息中心-代办事项查看下,您想解决的问题只有这一种方式，没有其他方式。,0
有免费阅读的小说吗,有什么阅读软件可以免费看小说,0
颈椎病怎么治疗？,颈椎病怎样治疗,1
我的头型适合留什么样的发型,我这头型适合什么样的发型呢、谢谢,1
我适合演金庸里的的什么人物,那么问题来了这梗的出处是什么,0
我这边查不到的哦,您好那我这边查询到您输错了3次支付密码,0
孕妇能不能玩电脑和手机？,怀孕不能玩电脑，手机吗？,1
武汉有什么好玩的地方,武汉什么地方好玩？,1
小时代周崇光与宫铭什么关系,小时代3记得陆烧和周崇光什么关系，,0
什么牌子的瘦腿霜最好？！,什么牌子的钩机最好用？,0
这个是网购还款，请问您说的是花呗还是天猫分期网购还款？,申请分期成功后不会立即恢复额度，但分期还款成功时您的额度会实时恢复的,0
求出处，一张图片。,找一张图片出处,1
苏教版六年级上册习作8怎么写？,苏教版六年级语文上册习作六怎么写啊,0
人们常把记者比喻成什么,什么用来比喻记者,1
有没有情侣的头像,有没有和这情侣的头像,1
"昨天晚上做梦梦见孩子丢了,请问有什么预兆吗",开车撞死狗有什么预兆,0
有什么好玩的双人小游戏,有什么好玩的双人游戏,1
谁知道这块石头是什么石头,谁认识这块是什么石头,1
关于蛇、蟒的电影都有哪些,吻戏多的电影,0
求好看的有个性的情侣头像,求好看个性的情侣头像,1
支付宝怎么开通，怎么用,邮政卡怎么开通支付宝,0
雅漾去红血丝怎么样，大家用什么？,雅漾去红血丝产品怎么样,1
元旦去哪里玩比较好？,元旦去哪里玩比较好,1
吃什么菜对皮肤好,泡什么茶喝对皮肤好,0
如何折康乃馨,康乃馨怎么折？,1
搬家公司怎么收费的,搬家公司怎么收费呢？,1
孕妇适合什么补水面膜,孕妇能用什么补水面膜,1
请认真和我恋爱无修版,认真和我恋爱无修版,1
网络上有什么兼职吗？,在网络上有什么可以兼职的,1
自己泡的柠檬水过夜了可以喝吗,过夜的柠檬水还能喝吗,1
谁知道，这是什么车？,谁知道这是什么？,0
手机卡的服务密码是什么,什么是手机卡服务密码？,1
计算机应用技术都学什么,现在的计算机应用技术怎么样？,0
如何查驾驶证的真伪,驾驶证真伪怎么查？,1
怎么写歌词赚钱,我如何靠写歌词来赚钱,1
左眼跳是怎么回事,左眼老跳怎么回事,1
情人节送老婆什么礼物呢？,情人节送老婆什么礼物好,1
若即若离，若相依。花似花飞，花满天.是什么意思,如相依，莫相离。什么意思,0
完美世界好看吗,《完美世界》国际版那个职业好,0
如果是这样的话，您直接拨打95188-2咨询我们的专线就可以的,这边为您查询到对方的旺旺是【自由自在617723】，辛苦联系下对方的旺旺,0
医院怎么取精的,医院如何取精,1
周瑜与诸葛亮,诸葛亮哭周瑜,0
黄叔叔的儿子叫什么,叔叔的儿子叫什么,1
赛尔号现在的鱼龙王怎么得到？,赛尔号鱼龙王怎么得？,1
师傅的姐姐该叫什么?,女师父的老公该叫什么？,0
这又是哪位明星？,不怕不怕是哪位明星唱的,0
为什么男人喜欢舌吻,为什么男人都喜欢舌吻？,1
洛阳的特产是什么？,洛阳有什么特产？,1
不知道组词怎么组？,谁知道卜怎么组词,0
这样的配置能耍什么游戏,我这配置能最多玩什么游戏,1
怎样在微信上卖东西？,微信上卖东西怎么卖？,1
书签怎么做？,怎么做书签？,1
现在有什么好看的偶像剧吗？,现在有什么好看的偶像剧,1
意大利的首都是哪里,意大利的首都是那里,1
这个纹身是什么意思,这个纹身的意思是什么？,1
有什么软件可以领天天酷跑钻石的,天天酷跑有什么软件可以很快领到钻石,1
喜欢听音乐的动物有哪些,适合开车听的歌曲有哪些？,0
千军万马，是什么生肖？,千军万马是什么生肖？,1
中国历史上第一位女皇帝是谁,中国历史上的第一位皇帝是谁,1
现在网上开店卖什么好？,想打听下.现在在网上开店卖什么好.,1
为什么明星长得都很好看撒~,为什么明星都长那么好看,1
怎么下载腾讯时空猎人,时空猎人我忘记在哪个区了怎么办,0
您好，麻烦您输入一下收款的账户，辛苦您了,您好，请您切换输入法到英文半角状态输入试一下，辛苦您了,0
个体工商户，是否有组织机构代码？,您好，这边显示失败的原因是非盈利机构请同时提交组织机构代码证。,0
给男朋友起外号该叫什么好？,给男朋友起外号什么好,1
我的美女总裁老婆什么时候更新,对我而言，可爱的她什么时候更新,0
怎么参加《中国梦想秀》？,《中国汉字听写大会》何时开始？,0
如何能提高自身能力,吃烤肥腰能提高性能力吗？,0
玩什么手机游戏可赚钱的,有什么可以赚钱的手机游戏,1
有什么好的赚钱软件吗,现在这个季节有什么水果可以买？,0
哪个网站有好的系统下载,哪个网站下载的电脑系统好一点,1
跪求这都是什么电影？,跪求。一部电影名字叫黑什么的,0
学习英语最好的网站有哪些,学英语有哪些好网站，可免费下听力,1
天天飞车破解版怎么下载,怎么下载天天飞车破解版,1
手机号码是实名制的问题,手机号码实名制问题,1
功的单位是什么,年是什么单位,0
小说封面制作,制作小说封面,1
怎么看手机分辨率,手机分辨率怎么看,1
电信手机怎么充话费,电信手机话费怎么用,0
有一夜情吗？,怎么找一夜情,1
刀客家族的女人电视剧哪里可以看全集,电视剧刀客家族的女人哪里能看全集。,1
同事过生日应该送什么礼物啊！,一个女同事要过生日了送什么礼物,1
怎样可以让下面出水,怎样搞才能让自己下面出水,1
什么是低情商的表现？,情商低的表现是什么,1
什么时候会世界末日？,什么时候世界末日？,1
这两个字是什么意思,那两个字什么意思?,1
这个是什么品牌？,抱被什么品牌,0
演讲中国大学生,中国大学生失业人数,0
赵薇的女儿叫什么名字,你猜我叫什么名字,0
错把移动套餐当成流量套餐换了怎么办？,手机流量不够了，怎么办？,0
找对象的网站,找对象哪个网站靠谱,1
怎样去除水垢,不锈钢水壶表面水锈怎样去除,0
她是谁？叫什么名字啊？,妈的，她是谁！求名字,1
有什么好玩的手机单机游戏？,有什么好玩的手机单机游戏。,1
昨天是什么日子,昨天什么日子,1
我家的狗是什么品种的？,我家的是什么品种的狗,1
描写风景的四字词语,含反义词的四字词语,0
湖南卫视花儿与少年主题曲歌词,花儿与少年歌曲演唱顺序,0
夸奖的反意思是什么,遽而追之的之是什么意思,0
这个英语怎么翻译。,这个用英语怎么翻译,1
开汽车美容点加盟好还是自己开好,开汽车如何开才能不出事故？开的好？,0
天天酷跑破解版怎么下载,怎么下载破解版天天酷跑,1
怎么才能增加微博粉丝,微博怎样增加粉丝,1
祝你生日快乐吉他谱,生日快乐歌吉他谱,1
怎样和朋友说跨年的祝福语？,朋友祝福语怎么写,1
这世界有鬼吗,世界上有鬼吗,1
双管齐下，稳吃三注，是什么生肖,双管齐下，稳吃三注是什么生肖？,1
抓烟机的烟什么时候好抓,在什么时候吃水果在好啊,0
刀塔传奇首抽死骑,刀塔传奇忘了那个区,0
南京工业大学在哪里？,在郑州，哪里有食品机械市场啊？,0
冬天穿什么衣服好？,冬天穿什么衣服,1
你也很漂亮韩语翻译中文怎么说?,请问你真漂亮用韩语怎么说？,0
我这个配置能玩幻想神域吗？,我这配置能玩幻想神域吗？,1
在一起了还强吻我，什么意思,在一起爱吧什么意思,0
山东有什么山,山东都有什么州,0
我爱你你爱我吗,么么哒，我爱你，你爱我吗,1
农业户口与非农业户口的区别,农业户口与非农业户口区别,1
"知道平行四边形的周长,面积怎么求?",平行四边形的面积和周长怎么求,1
您是要找回什么密码的那,请问需要帮您申请找回支付密码和清空安保问题吗？,0
华为手机怎么刷机啊，,华为手机怎么刷机？,1
这些是怀孕的反应吗？,香港代购的奶粉是假的吗,0
鼠和什么生肖相冲,狗和什么生肖相冲,0
请问深圳哪里有卖仪器表的啊，急急急。,急急急，上海有化学仪器玻璃仪器一条街么？在哪,0
这是什么牌子的皮带,这是什么牌子的皮带啊？,1
求一个字怎么打：石字旁右边示,石字旁，右边一个示，怎么念？,1
你们现在都用什么软件看电影啊,现在有什么好的看电影软件,1
刘德华第一首歌是什么歌,刘德华1999演唱会的第一首歌穿的衣服是什么,0
三亚在哪个省,三亚是哪个省,1
什么是龙卡通,这叫什么卡通狗？,0
无霜冰箱哪个牌子好？,冰箱压缩机那个牌子好？,0
赛尔号奈落达尔哪抓,赛尔号奈落达尔在哪,0
《原来我拥有这么多》作文600字,作文600字“我原来也拥有这么多”,1
求一张漂亮点的女人在弹钢琴的图片,弹钢琴或者谈吉他女生图片乐器的都可以要好看的,0
怎么才能让腿变直,怎样可以让腿变直,1
日本骂人字什么打,一人打一字是啥字,0
小炒河虾是哪个地方菜,小炒河虾是哪个地方的菜,1
有没有这个的情侣头像,这个头像是谁，有没有情侣的？,1
多肉植物，这个叫什么名字？,这种多肉植物名字叫什么？,1
手机玩啥可赚话费,手机话费可以买什么,0
如何练习小提琴的指法,每天如何练习小提琴.,0
为什么多米音乐播放器下载不了音乐？,多米音乐播放器，多米音乐播放器下载,0
高锰酸钾怎么买，多少钱啊,高锰酸钾怎么用,0
北京站到798艺术工厂,北方工业大学到798艺术工厂,0
上火该吃什么药才好啊,上火了，该吃什么药好,1
什么是女人？,这个女人叫什么,0
南瓜花怎样做好吃,南瓜怎么做才好吃的,0
轮滑鞋哪个牌子好,轮滑鞋哪个牌子好？,1
求一部好看的电视剧,求好看电视剧一部！,1
日语不要怎么读？,不要怕用日语怎么说,0
有美甲图片吗,织围巾的毛线有卖吗,0
4、输入校验码和支付密码，点击【确认】，即可关闭短信校验服务。,证件号码输入格式为：香港：a-123456-b；都输入身份证了吗？,0
吃什么润肠通便？,吃什么可以通便润肠,1
春风物语的漫画全集下载,春风物语全集漫画下载,1
百度知道怎么提问,百度知道要怎么提问,1
锦鲤喂什么可以增色,锦鲤吃什么增色,1
你好用韩语怎么写,我爱你用日语来写怎么写？,0
天天酷跑怎么得高分？,天天酷跑怎么玩更高分？,1
求七夜强宠的全文免费阅读,求七夜强宠全文免费阅读,1
怎么下破解版的游戏？,怎么下破解版游戏,1
郑州哪里割双眼皮好？,在郑州的哪里割双眼皮好,1
剑灵气功师刷图加点,剑灵气功师千魂彩绫能不能重刷,0
周杰伦和蔡依林会结婚吗？,周杰伦和蔡依林会结婚吗,1
懒人沙发的优点跟缺点是什么,读书的优点和缺点是什么,0
现在什么电影好看？,有什么好看的电影，现在,1
街头篮球代理,街头篮球代理！,1
神武怎么退房子,怎么可以进神武房子,0
天天酷跑怎么投诉,怎么投诉天天酷跑,1
自己如何组装电脑,如何组装电脑,1
格兰仕的空调怎么样？,格兰仕空调怎么样？,1
精子养女人吗,女人有精子吗？,0
怎么装修淘宝店铺?有没有免费模板的？,请问淘宝店铺装修的模板怎么找？,0
"你好,我想咨询一下.",你好。我想咨询一下啊。,1
长安和奇瑞哪个好？,奇瑞和长安的车哪个好一些,1
这个表情人物叫什么？,这个表情的人物叫什么？,1
"昨晚我做了个梦,",我昨晚做了个可怕的梦,1
，茶叶蛋是什么意思？,茶叶蛋是什么意思,1
广东金融学院宿舍,广东金融学院招生,0
有什么感人电视剧么？,最近有什么感人的电视剧,1
输入您的信息我核实一下呢(*^__^*),输入您的信息我为您查询一下呢(*^__^*),1
张杰什么歌好听?,张杰的什么歌好听？,1
什么鱼都吃米饭吗,蒸米饭什么锅,0
三赎基督教可信吗！怎么样,基督教可信吗？,1
世上射程最远的空对空导弹是那一种？,什么是空对空导弹啊？,0
怎么查普通话证,怎么说普通话,0
怎样制作二维码,二维码如何制作？,1
学习方法用英语怎么说,“最好的学习方法”用英语怎么说,0
端午节的手抄报,有关端午节的手抄报,1
建设银行卡密码输错3次怎么办,农业银行卡密码输错3次怎么办,0
封闭性粉刺用什么贴贴,搜狗拼音输入法不能在贴吧上用吗,0
永恒之塔捏人,关于永恒之塔,1
“挺萌的”是什么意思？,“萌”感觉什么意思,0
建议您实名认证后再操作,建议亲您先操作实名认证的哦,1
教师招聘问题,教师招聘的问题,1
有什么方法可以诅咒别人？,有什么方法可以诅咒一个人快点去死,1
贵州的简称是什么？,贵州的简称是什么,1
河南的简称是什么？,河南市的简称是什么,1
吸烟有害健康，吸电子烟有危害吗？,吸电子烟对人体有害吗？,1
用蛋清怎么做面膜,蛋清面膜怎么做,1
乌鲁木齐好玩的地方有哪些,乌鲁木齐有哪些好玩的地方?,1
羊毛被如何清洗呢？,滩羊毛怎么清洗,1
有哪些好看的泰剧呀？,最新的泰剧有哪些好看的,1
淘宝怎么提升流量,怎样提升淘宝流量,1
有关勤奋的成语有哪些？,关于勤奋学习的成语及名言警句有哪些,1
河蚌吃什么,河蚌吃什么呢,1
只有电脑，如何赚钱？,如何用电脑赚钱？,1
谁有我的世界手机版服务器,手机版我的世界有服务器么。,1
辛苦您提供一下您的邮箱，这边帮您核实一下，您看可以吗？,辛苦您可以可以提供一下您的新邮箱小二帮您修改一下邮箱登录名可以吗？,0
亲谁能给我推荐几本类似极品公子的小说？,有没有类似极品公子之类的好看小说，介绍一下,1
仰慕意思是什么,仰慕是什么意思？,1
谁知道什么软件能将视频慢放？,谁知道有哪个视频播放软件是带慢放功能的,1
北京工人体育馆在那了,北京工人体育馆(新),1
尚铭按摩椅怎么样,艾力斯特按摩椅怎么样,0
介绍几部打斗场面激烈，很热血的动漫,介绍一些好看的日本动漫，战斗要激烈！,1
男生眉毛什么样好看,男生什么样的眉毛好看,1
怎样对待不爱学习的孩子,怎样对付不爱做作业的孩子,1
叉叉助手全民飞机大战,全民飞机大战叉叉助手,1
大象和小象有什么区别？,大象与小象有什么区别？,1
全国计算机二级考试难吗？,全国计算机二级考试难吗,1
有什么好看的电视剧啊，求介绍,有什么好看的电视剧介绍下,1
疯狂猜图品牌标志三个字,疯狂猜图名人明星三个字男的,0
东莞火车站在哪里,东莞火车站在哪里？,1
有哪个好的单机游戏下载网站,下载单机游戏的网站,1
卧薪尝胆与哪个历史人物有关,历史人物与哪个成语有关,0
你若不离不弃、我便生死相依,你若安好、便是晴天什么意思、、,0
旅游管理这个专业好吗,旅游管理这个专业好么？,1
中国国花是什么,中国的国花是什么啊？,1
恋爱相对论主题曲是什么歌,恋爱相对论插曲一段音乐是什么,0
求疯狂猜歌答案…,【疯狂猜歌】这关答案是什么？,1
部落冲突游戏怎么找回,部落冲突游戏客服邮箱,0
第二季中国好声音冠军是谁,冠军会是那个，好声音！,0
怎么清除天天酷跑缓存,天天酷跑怎么抽奖几率大,0
这是什么水果啊？,这是什么水果…,1
谁可以送我洛克雪影娃娃的蛋,洛克雪影娃娃谁有啊,0
输入短信校验码，点击【确认】,输入验证码，点击【免费接收校验码】,0
想买面膜，买妖肌的怎么样,膜漾面膜怎么样？好用吗？,0
求一本忘记名字的小说,有一本玄幻小说，我忘了名字了。,0
当的楷书怎么写,穿楷书怎么写,0
中华小子第二部,新还珠格格大结局,0
嘉兴在什么地方,嘉兴有什么好地方可以玩,0
上火了吃什么药,人上火了，什么去火,1
烫伤后怎么处理,水烫伤后怎么处理,1
孕妇补锌吃什么好,孕妇补锌，吃什么好？,1
什么话可以全世界通用,什么话全世界都通用,1
死亡岛激流好玩嘛？不知俺这个配置玩得起不,逃离死亡岛和死亡岛激流哪个配置高啊？请详细点。,0
二次元是什么？,二次元是指什么,1
怎么画眼线好看,怎样画眼线好看？,1
怎么让腿变直？,怎么让腿变直,1
英雄联盟统治战场模式打法,英雄联盟刷统治战场的脚本,0
什么面膜补水效果最好？,什么面膜补水效果最好,1
什么是云备份？,什么是云备份,1
昔日反义词是什么,昔日的反义词是什么？,1
谁知道图片里的女孩叫什么名字,谁知道图片里的那个女孩叫什么名字,1
很抱歉造成您的不便哦。支付宝在线客服都是随机分配的哦,/(ㄒoㄒ)/~~真的十分抱歉，为您带来了不便,0
用什么牌子的内衣好？,什么牌子的内衣好？,1
现在哪里招工,现在哪里招工？,1
求音乐：美人吟李玲玉伴奏,求音乐：情锁陈思安伴奏,0
爱情里真的没有谁错谁对吗？,爱情里真的没有谁对谁错么？,1
太阳神的奖金制度如何？好做吗？,太阳神奖金制度好吗?好做吗,1
把足智多谋的人喻为,把足智多谋的人喻为(),1
谢谢您的合作亲，,感谢您的谅解的，请问您是想更换手机号码的,0
干荷叶与干冬瓜皮怎么煎水,干荷叶冬瓜皮怎么喝,0
一个人的武林在那可以看,哪可以看一个人的武林,1
谁有好看的头像？,求杨幂与本兮的好看图片！,0
什么输入法好用！,什么输入法好用,1
冻大虾怎么做好吃,大虾怎么做好吃,1
我爱文学手抄报素材，就是资料，急急急,四开的手抄报以我爱文学为题，怎么做？急！,0
水至清则无鱼下一句是什么,水至清则无鱼的下一句是什么呢,1
这姑娘漂亮吗,这姑娘漂亮不,1
生死狙击怎么做视频,为什么玩生死狙击那么卡,0
科比什么时候复出？,科比什么时候复出,1
发票抬头是什么,什么是发票的抬头,1
被诅咒怎么破解,人怎样破解别人的诅咒,1
杨幂和唐嫣谁漂亮？,杨幂和唐嫣谁最漂亮？,1
脑筋急转弯，什么腿最长？,什么车最长脑筋急转弯,0
显而易见指什么生肖,显而易见是指什么生肖？,1
哪个奥特曼最帅,奥特曼哪个最帅,1
电子烟什么牌子的好？,最好的电子烟是什么牌子的,1
人生自古谁无死下一句,人生自古谁无死，下一句,1
微信怎么没有漂流瓶,微信怎么没有漂流瓶？,1
深圳公司转让,北京到郑州物流公司,0
我的手机为什么登陆不了新浪微博,新浪微博手机版为什么彩版进不去,0
来自星星的你男主角是谁,来自星星的你男主角叫什么？,1
微信漂流瓶收不到第二次回复,微信漂流瓶回复别人收不到,0
有什么连续剧好看,有什么连续剧好看的、求,1
请问有联系淘宝看下是否可以解绑淘宝吗？,如果您有绑定淘宝的话是需要您先解绑淘宝才是可以的哦,0
黑人为什么吃白巧克力？,黑人为什么吃白巧克力呢,1
小米三，主题怎么删,小米的主题是怎么做出来的,0
女生说男生没主见是什么意思,女人说有没有男人有主见是什么意思来的。,0
穆斯林为什么不吃猪肉？,为什么穆斯林人不吃猪肉？,1
这个叫什么水果？,这个水果叫什么？,1
愤怒的小鸟太空版怎么下载,愤怒的小鸟太空版怎么下载？,1
你知道我想要什么吗？,我不知道你想要的是什么？,0
爱情回来了的主题曲叫什么？,爱情回来了主题曲叫什么,1
胡莱三国里怎么刷功勋快哦,胡莱三国怎么赚功勋,1
梦见被蛇咬了,梦见狗咬羊是怎么回事,0
微信号怎样注销？,怎么样才可以把微信号给注销啊,1
题目什么意思啊,《夜书所见》的题目什么意思,1
脚后跟疼是怎么回事,脚后跟疼痛是怎么回事？,1
天空之城吉他谱原版,天空之城古典吉他谱,0
二元二次方程怎么解？急！,如何解二元二次方程式,1
和谐的近义词是什么呀？,和谐的近义词是什么,1
能告诉我这是什么成语吗？,谁能告诉我这个成语,1
海洋里最凶猛的动物是什么？,最凶猛的现代动物是什么？,0
七年级下册地理课件,七年级下册地理期中测试,0
怎么样治疗过敏性鼻炎啊,怎么样治疗过敏性鼻炎,1
我喜欢上别人的老婆怎么办,我老婆喜欢什么啊,0
双鱼座的上升星座是什么,双鱼座男人和什么星座的女人最配,0
用一台电脑怎么赚钱,一台电脑怎么赚钱,1
姓蓝的是什么少数民族,少数民族有什么节曰,0
求这张图片的套图,这张图片上的都是谁,0
传奇世界如何快速升级,传奇世界如何快速让元神升级？,1
什么叫建筑面积？,什么叫建筑面积,1
找一部僵尸片,求一部僵尸片,1
淘宝兼职是真的吗,淘宝上的兼职是真的吗？,1
为什么那么多人讨厌处女座的人,为什么那么多人讨厌处女座。,1
这是什么电视剧？,这是什么电视剧呢,1
京东里卖的化妆品都是正品吗,京东网的化妆品牌都是正品吗？,1
肾虚的女人吃什么,女人肾虚吃什么好,1
请问这个日语是什么意思：おやつ,绫瀬はるな这个名字中文是什么,0
求推荐一个可以上国外网站的浏览器免费的,大家有没有上国外网站免费代理的软件，可以用的！,0
请问您的商品是使用花呗付款的吗？,请问您购买的店铺卖家是否开通了花呗服务,0
我该怎么办，家里进了老鼠。,家里进了老鼠，求问该怎么办…,1
纹身鱼是什么意思,这个纹身是什么意思,1
广东有派多格这样好的宠物美容学校吗,有谁在派多格学校学过宠物美容呀，怎么样呢,0
美丽的繁体字怎么写？,邵美丽的繁体字怎么写,0
怎么破解加好友的验证问题,怎么破解QQ加为好友验证问题的办法。,1
吃什么通便，？拉不出来,吃什么能通便？,1
余额宝收益多么,和余额宝类似的叫优什么宝,0
我的世界手机版怎么联机,我的世界手机版怎么联机？,1
这电视剧的名字是什么,这个电视剧名字叫什么,1
桃花是什么生肖,桃花与什么生肖有关,1
这样的脸型烫什么发型帅,这样的脸型配什么发型？,1
用陌开头的网名两个字,带有莉字的网名，而且是两个字的,0
这个是是有对方的联系方式的，,那个转账给您的人，您有他的联系方式吗？,0
如何一夜暴富,怎么一夜暴富,1
中国最高文学奖项是什么?矛盾文学奖数第几位?,中国第一个以个人名命名的文学奖项是什么?,0
斗地主赢话费吗,触宝电话真的是免费的吗,0
天弘基金公司热线电话：400-710-9999，按9转余额宝专席,众安在线财产保险热线400-999-9595（服务时间：7*24小时）,0
世界上最小的动物是啥?,什么是世界上最小的动物,1
求小说武动乾坤,求小说《武动乾坤》,1
怎样删除给别人空间的留言,怎样删除自己在别人空间的留言,1
麻烦您提供一下您的主账户,麻烦您都提供一下您的账户,1
一牛吼地什么生肖,去买红眼睛的生肖,0
开模型店有赚头吗,开个遥控模型专卖店如何？,0
"鸡眼怎么去除,为什么",鸡眼怎么去掉;大家用什么,1
六年级计算题,六年级上的计算题,0
惠州什么地方好玩,惠州有什么好玩的地方?,1
行车记录仪什么牌子好？,`行车记录仪哪个牌子好？,1
卖什么彩票好赚钱,冬天卖什么赚钱,0
有什么好听的劲爆舞曲，急,有什么好听的舞曲吗？,1
这个多肉植物叫什么啊？,这个是哪个多肉植物？,1
现在的年轻人最喜欢的菜是什么？,现在的年轻人都喜欢什么呢？,1
核桃什么品种多少钱,这对核桃是什么品种？,1
你喜欢擎天柱还是大黄蜂,你们是喜欢擎天柱还是大黄蜂？,1
求推荐魔兽世界那种操作方式的单机游戏,求一个类似魔兽世界的单机游戏,0
思念痛苦吗？,思念最痛苦吗？,1
淘宝彻底删除交易记录后，交易评价会消除吗?,淘宝交易记录删除后还能查到吗,0
麻烦您等待一下的，亲,有可能是网络延迟，麻烦您稍等下,0
伊贝诗的化妆品怎么样,伊贝诗化妆品怎么样,1
爱情里没有谁错谁对…,爱情里没有谁对谁错？,1
这里是没成功的,查询您的转账是成功的。支付宝这边无法取消的,0
如果举报诈骗账号？,qq账号如何解除举报,0
云南旅游职业学院是属于大专还是中专?,云南旅游职业学院海乘专业与什么中介公司合作,0
我爱你韩语怎么写？怎么读？,我爱你的韩语怎么写,1
摆摊该卖什么,摆摊卖什么好？,1
早餐该吃什么,一般早餐吃什么？,1
初三数学，圆,初三上数学！,0
其马将胡骏马而归的将是什么意思,其马将胡骏马而归是什么意思?,0
狗狗感冒了吃什么好？,狗狗感冒了吃什么才好,1
照片打印机什么牌子好,照片级打印机什么牌子的最好,1
这个视频的背景音乐是什么？,这个视频背景音乐是什么啊,1
成语威什么不什么,成语什么不什么禁,0
求小白兔的甜蜜史！,求《小白兔的甜蜜史》,1
胃肠感冒看什么科,胃肠感冒吃什么饭,0
龙凤眼什么意思,凤毛麟角的麟什么意思,0
求血色圣光刷粉器马甲文件,求血色圣光刷粉器的马甲文件,1
和视频怎么用,怎么在这里发视频？,0
人死后是什么感觉？,人死时是什么感觉？,0
抱歉，如果您上传完了的话，这次是会通过的呢,抱歉，如果您申诉就是需上传证件的,0
谁知到驴最怕什么动物？,狗最怕什么动物,0
快乐大本营今晚请谁啊,今晚快乐大本营谁来,1
电影2012什么时候上映,幻城电影什么时候上映,0
第一次世界杯是什么时候举行的,第一届世界杯什么时候在哪里举行,0
电脑上怎么拍视频,电脑上怎样录视频,1
微信密码忘了怎么找回来？,我的农业银行卡丢了并且我想注销,0
吃什么通便，？拉不出来,吃什么能通便,1
这句日文的意思是什么？,这句日文的意思？,1
武林外传有第二部吗？,武林外传什么时候有第二部,0
淘宝店铺好听的名字,推荐几个好的淘宝店铺吧,0
米赚真的可以赚钱吗,聚赚网是真的赚钱吗,0
小二这里给您的建议是后续尝试开通,小二给您这个几个建议您可以尝试一下.,0
谁能推荐我几个好玩的小游戏？,谁能推荐几个不错的小游戏网站,0
男生瓜子脸适合剪什么发型？,瓜子脸男生适合什么发型,1
李宇春那又怎样,李宇春是怎么死的,0
为什么打麻将老是输,打牌为什么老是输,0
女人下面是什么样子的,女人下面是什么样子图,1
求鬼畜眼镜全果实存档,求鬼畜眼镜果实存档！,1
有谁知道这是什么东西吗,谁知道这是什么东西啊？,1
求高手给我PS凡客体扣1362778635,求：凡客体·黄金十二宫系列的图片,0
怎么可以让胸部快速变大,怎样快速让胸部变大,1
中国当代文学史：两结合名词解释,答题：中国现当代文学史,0
怎么取得一叶子新鲜面膜授权？,一叶子新鲜面膜怎么取得授权？,1
四大名捕大结局在哪可以看到,四大名捕大结局，如去哪能看,1
怎么注册人人网,怎样注册人人网,1
生日礼物送什么好给长辈,给长辈送生日礼物，送什么好？,1
你好，我可以叫你妈妈吗？,妈妈给我的东西我可以吃吗,0
绿豆发芽了还能吃吗,鸡被狗咬死了，鸡还可以吃吗？,0
不尽长江滚滚来的前一句是什么,不尽长江滚滚来的上一句是什么,1
摸鱼是什么意思啊？,贴吧摸鱼什么意思,1
为什么特百惠的杯子那么贵？,大众的甲壳虫为什么那么贵？,0
沉默代表什么？,沉默，代表什么,1
张牙舞爪又不凶是什么动物,张牙舞爪是什么动物,0
求图片出自什么电影？,这图片出自什么电影,1
关于诚信的名言有哪些,关于诚实的名言有哪些,1
侠岚第六季什么时候出,侠岚第六季什么时候可以看？,1
如何用手机下载迅雷资源,迅雷下载`那个网站资源多啊,0
中国哪地震了,中国的地震感,0
男人的责任是什么？,什么是男人的责任？,1
过年有什么地方好玩的,过年有什么好玩的地方？,1
可爱和漂亮有什么区别？,可爱和漂亮有什么区别,1
科比会超越乔丹吗,科比会超越乔丹吗？,1
淘宝如何联系客服,怎么联系淘宝客服,1
学英语有什么技巧吗,学化妆有前途没,0
这个题让干什么,这么冷的天干什么好,0
肾炎传染吗？,肾炎会传染吗？,1
我国最大的淡水湖是什么湖,我国最大的淡水湖是哪个啊,1
陶瓷刀哪家好？,陶瓷刀好么？,0
您已经是还款几期了？,请问您已经还款了吗？,0
中国的传统文化有哪些?,中国传统文化资料有哪些?,0
胃溃疡能吃什么,吃什么能长胡子,0
穿越梦幻西游的小说,梦幻西游穿越的小说,1
这是什么发型啊！,这是什么发型，怎么剪出来？,1
梦见捡钱又给别人了,做梦梦到捡钱，捡到后又仍掉了！,0
幸福爱人的结局是什么？,幸福爱人大结局是什么,1
情人节唱给男朋友什么歌,情人节送男朋友什么好呢,0
淘宝退货怎么退,淘宝上退货怎么退,1
为什么我会长头发,为什么人会长头发,1
最近有什么电视好看？,最近有什么电视好看呢？,1
疯狂猜成语中这个是什么答案,疯狂猜成语、这个是什么答案呀？,1
娇妻如云泠雨的,娇妻如云泠雨,1
海贼王这是第几集,这是海贼王里的第几集,1
好听的奶茶果汁名字,好听时尚的奶茶汉堡店名贵求一好名字,0
日语亲爱的怎么说？,猪、亲爱的我想你了日语怎么说,0
怎么打开谷歌,怎么样打开谷歌,1
穿越或者古代的小说,古代穿越的小说,1
永可以加什么偏旁部首,羊和丑可以组成什么字,0
陈学冬不再见空间链接,陈学冬的「不再见」歌词,0
有什么好看的小说吗？言情的,有什么好看的小说言情,1
百度云回收站在哪,百度云回收站,1
怎么样申请户口,迁户口的申请怎么写,0
江苏省府在哪,我是江苏省的,0
成人高考和自考，哪个好,自考跟成人高考哪个好？,1
关于考驾照的问题,考驾照的问题,1
这是干嘛用的？,这是干嘛用的…,1
做完包皮手术几天就可以拆线的啊,包皮手术后一般几天可以拆线？,1
稍等，小二为您查询一下,您好，请您稍等片刻，云小二这就立刻为您查询哦。,1
路由器怎么修,这个路由器怎么样？,0
余额宝转支付宝怎么转,手机余额宝怎么转到支付宝,1
梦幻西游小游戏怎么玩？,怎么玩梦幻西游小游戏,1
一句话形容自己,请用一句话，证明你很穷，,0
怎么才能减掉小肚子上的肉，急,怎么才能把小肚子减掉！,1
找一部电视剧，民国时期的,求一部电视剧，民国时期的,1
在家就能赚钱的工作有哪些,请问都有哪些工作可以在家上班,1
经常生吃红萝卜有什么好处和坏处,生吃红萝卜有什么好处呢,1
小二会给您转接到相关客服,稍等下的亲。这边给您详细记录下您的问题的亲以便相关客服给您解答的亲、,0
出水是什么意思？,添出水来是什么意思,0
怎样才能把腿瘦下来,怎样才能让腿瘦下来,1
最近有什么娱乐新闻,和部落冲突一样的游戏有什么,0
大脸女孩适合什么发型,大脸的女孩适合什么发型,1
下载什么软件可以改变手机的字体,手机下载的字体到底在哪里啊？,0
朋友失恋了，要怎么安慰她。,朋友失恋了怎么安慰她！,1
你喜欢什么颜色的内衣,在你的心中你最喜欢什么颜色,0
如何内地买港股？,如何能喜欢上英语？,0
请问这位美女叫什么名字,请问这位美女叫什么名字啊！,1
您的红包是参加什么活动获得的呢,您参加的什么活动获得的红包呢,1
洞房是什么？,什么叫洞房？,1
沈阳现在下雨呢吗,沈阳现在还下雨么,1
这个女孩好看吗？,这个女孩好看吗？。,1
天涯明月刀的插曲,天涯明月刀的简介,0
命运可以自己改变吗,命运自己可以改变吗?,1
什么歌好听，求介绍？,什么歌好听，介绍下？,1
这个英语单词什么意思,这个小的英语单词是什么意思？,1
有哪些关于奥特曼的电影,关于奥特曼系列得都有哪些,1
新生儿落户问题,关于新生儿落户问题,1
破旧的近义词和反义词,这些近义词和反义词怎么写？,0
这是哪个动漫或游戏里的人物,这是什么动漫或游戏的什么人物？,1
奶瓶如何消毒,如何为奶瓶消毒,1
留不住的是什么,留不住是什么,1
绝命岛在线观看,绝命岛高清,0
汽车开暖风为何不暖呢,汽车暖风怎么开,0
这个图片上头发的颜色是什么？,这图片上头发是什么颜色的？,1
推心置腹是什么生肖,推心置腹是什么生肖？,1
求这俩人的动漫出处,这个动漫求出处,1
多语言版本的网站如何做?,做中型网站需要什么必要的语言?,0
什么时候有进击的巨人第二季,进击的巨人第二季什么时候出！,1
什么牌子的弹力素比较好,请问什么牌子的弹力素保湿效果好,0
开一个服装店大概要多少钱?,开一个服装店大概要多少钱,1
有诗意的网名,网名有诗意的。,1
天下足球址是什么呢？,天下足球是哪儿啊？做什么的,0
怎样用积分求体积,定积分求体积,1
求知道此女名字,有谁知道此女叫什么名字吗？,1
现在做什么行业赚钱,现在做什么行业赚钱多些,1
为什么老公总是对我很冷漠,为什么我老公一回来就对我那么冷漠,1
嘿嘿这是什么电影,这是什么电影来着？,1
龙将将魂怎么提高,怎么样提高自己？,0
这双鞋子是什么牌子的？,这双鞋子是哪个牌子的,1
请填写校验框中的信息。,输入短信校验码，点击【确认】,0
求《贵族》天籁纸鸢,求贵族天籁纸鸢,1
苹果手机怎么用万能钥匙,苹果手机万能钥匙怎么用,1
为什么电脑无缘无故死机,我的电脑不知为什么无缘无故死机,1
女生菱形脸适合什么发型,菱形脸适合留什么发型,1
产后怎样减肥,产后怎么减肥？,1
我国四大古典名著是什么,我国的四大古典名著,1
谢文东电视剧怎么不更新了,谢文东电视剧怎么不更新,1
“支付宝卡通”怎么激活,支付宝卡通怎么充值呢,0
荤素兼食是什么意思,荤素兼食什么意思,1
嘴唇怎么变厚好？,嘴唇怎么变厚,1
您是有购买成功的吗？,是有购买成功的吗？,1
我见机行事，是什么意思,见机行事的意思是什么？,1
什么话可以世界通用？,您好，什么话可以全世界通用,1
您好，是今天的24点之前到账的，建议您耐心等待，辛苦您了,您好，就是今天的24点之前到账的，建议您耐心等待，辛苦您了,1
如何自己按摩前列腺_百度拇指医生,前列腺按摩自己如何进行,1
二郎神的印堂，独具只眼猜一生肖,二郎神猜一生肖,0
整蛊是什么意思，来人哦，谢谢,贴吧里说的十五字是什么意思,0
广东理工职业学院好吗？,广东理工职业学院怎么样？中山校区还好吗？,0
很抱歉，为保障您账户的安全，小二是无法帮您操作认证的,很抱歉，为保障您的账户的安全小二是无法帮您操作认证的,1
广东文艺职业学院的住宿怎么样？,广东文艺职业学院有中专的吗？,0
不会的，辛苦您操作一下。,很抱歉，尝试操作一下上传凭证，辛苦您了,0
土豆与鸡蛋能一起吃吗？,土豆和鸡蛋能一起吃吗？,1
天猫分期跟花呗的额度是共用的,天猫分期的额度是跟花呗共用的,1
如何增加微博粉丝量！,微博怎样增加粉丝,1
橱柜哪个牌子好,哪个橱柜牌子好,1
如何推广我的微店？,如何推广微店,1
如何退出微信群,微信怎么退出群,1
快递价格是怎么计算的？,快递的价格一般怎么算,1
求房子设计图,求房子设计图：,1
怎么把自己制作的网页发布到网络上？,怎么将自己的制作的网页连接到网络,1
为什么还不下雪呢？,今天冷不，想穿秋裤的心都有了,0
女生突然不理我了,女生突然不理人了,0
如何微信推广,微信该如何推广,1
疯狂猜明星小时候第九关是谁,疯狂猜明星小时候第88关是谁,0
谁有电影网址？,谁有好的电影网址,1
要什么时候才能回家,什么时候回家啊,1
今年都流行什么女装啊,今年流行什么女装,1
如何联系中央电视台记者？,中央电视台记者咋联系,1
现在做什么小生意好,现在做什么小生意好？,1
鲫鱼是什么鱼,钓鲫鱼用什么好？,0
那两个拼音怎么写？,这两个拼音怎么写,1
类似功夫熊猫的的电影,类似功夫熊猫的电影,1
酱油吃多了会长痣吗,死痛苦吗，怎么样死不疼，,0
三星和小米哪个好,小米和三星哪个好,1
网上有什么好的赚钱项目,网上有什么好赚钱的项目,1
日文怎么打？,围脖怎么打？,0
腾讯公司的老板是谁,腾讯公司老板是谁,1
这个人喜欢我吗？,她喜欢我吗？,0
灵猫电商怎么样？好不好啊？,灵猫电商好不好啊？,1
我的世界进不去,为什么我的世界进不去,0
怎样申请微信号,如何申请微信号,1
来自星星的你，哪有国语版,来自星星的你有国语版的吗？,1
这个是什么软件,谁玩唱吧这个软件？,0
什么牌子的沙发好啊？,什么品牌的沙发比较好,1
上海电力学院的电子信息工程专业怎样?,电力电子工程这个专业怎么样,0
脂肪粒怎么去除呀？,用毛线织的围巾要怎么洗？,0
潜规则是什么意思,潜规则的爱是什么意思,0
菊花一角硬币，有无收藏价值,1991年的一角硬币值得收藏不,0
什么样的女人嫁不出去？,酷跑大狐狸头像什么样？那里多？,0
硬头发男生适合什么发型,男生头发少适合什么发型,0
支付宝和微信支付哪个好,理财通和余额宝哪个好,0
司法鉴定的一些问题,关于司法鉴定的问题,1
好听的背景音乐有哪些？,有哪些韩剧里的背景音乐好听,1
谁知道有一部武侠电视剧,一部很老的武侠电视剧。谁知道,1
梅红色外套怎么搭配,皮甲外套红色怎么搭配,0
哺乳期可以喝咖啡吗？,哺乳期能喝咖啡吗？,1
我下载的图片都在哪里？,S308下载的图片在哪里,0
能发帖子的网站有哪些,哪些网站有发帖子的网站,1
我适合剪莫西干发型吗？,我适合剪莫西干发型么,1
不一样的美男子之我是谁,不一样的美男子什么时候播？,1
怎么样把梳子卖给和尚呢？,怎样把梳子买给和尚？,1
好看的国产电影,最好看的国产电影,1
生存战争语言中文版,生存战争中文版,1
二胎准生证如何办理,如何办理二胎准生证？,1
这个男人什么意思,男人缘什么意思,0
这个衣服穿什么鞋和裤子好看呢,衣服配什么裤子好看,1
自己在家带孩子怎么赚钱,怎样在家看孩子赚钱,1
人与动物交配，会受精吗？,人和什么动物交配才能生子？（不包括人）,0
您好，您的这个账户是没有绑定手机的,这边核实到您的账户是有绑定手机号码的,1
怎样可以去除汗毛,怎样去除汗毛,1
广州租房(急),关于广州租房,1
手指扭到了怎样快速好起来？,手指挤了怎么办？怎样快速消除？,0
刀塔传奇什么时候再更新？,刀塔传奇什么时候更新，,1
怎么样快速提高自己的文学水平，回答具体点？,如何提高自身的文学水平，不上学的情况下,0
三国杀是什么,三国杀是什么？,1
怎么才能洗掉衣服上沾的油漆？,衣服上弄上油漆怎么可以洗掉,1
春节送礼老人送什么好,春节送礼送什么好给老人的。,1
一体机电脑好不好,电脑一体机好不好？,1
有什么好看的小说和电影,有什么好看的电影和小说,1
什么人最阴险？,什么人最阴险,1
求推荐几部电视剧,求大家推荐几部电视剧,1
这公仔叫什么名字,这只公仔叫什么名字,1
求制作起点小说封面,求制作素锦小说封面,0
月什么披星,披星什么月,1
台湾黑道老大是谁,南通黑道老大是谁,0
为什么女人都喜欢穿高跟鞋？,为什么女人都喜欢穿高跟鞋,1
金牛座和白羊座配吗？,女的属鸡男的属狗配吗？,0
女人为什么要穿裙子，请科学回答,为什么女人才可以穿裙子,0
成熟男人的标志是什么,男生心里成熟的标志是什么,1
电子邮件怎么申请,怎么申请电子邮件,1
我的世界好玩吗？,我的世界哪里好玩了,1
谁知道什么新电影？,你知道吗？什么电影？,1
插座用什么牌子好？,什么牌子的插座好,1
您是在这个账户操作的吗？,您是操作的这个账户的吗？,1
天天跑酷跑破解版怎么下载,天天跑酷破解版怎么下载,1
美团怎么退款,美团如何退款,1
历史上真的有姜国吗？,历史上真的有孟姜女这个人吗,0
小便慢怎么回事,我小便疼是怎么回事,0
怎样减肚子和腰上的赘肉,怎么减肚子上的赘肉,0
耐克鞋怎么辨别真假,耐克鞋如何辨别真假？,1
现在最好玩的网页游戏是什么,现在什么网页游戏最好玩,1
咱们结婚吧全集哪里有？,咱们结婚吧全集在哪可以看？,1
怎么登录淘宝,淘宝怎么登录？,1
女朋友突然就不理我了.我到底该怎么办.,女朋友突然不理我了，不知道原因。,1
奔驰宝马奥迪，哪个好啊,宝马奔驰奥迪哪个好啊,1
谁有吾爱破解邀请码,谁有吾爱破解的邀请码？,1
我想和你好好的…,去好好的爱她,0
怎么取消银行卡和支付宝的绑定,怎么解除银行卡和支付宝的绑定,1
我喜欢穿黑色内裤，你们呢，,我喜欢穿黑色的内裤，你们呢,1
脸型微胖的女生适合什么发型。,脸微胖的女生适合什么发型啊！,1
少女时代的什么视频？,少女时代素颜排名那个是什么视频,0
我饿了不会做饭,我不会喝酒呀？,0
支付宝怎么更换手机号码,支付宝绑定的手机号怎么修改,1
内蒙古乱和新疆哪个乱,内蒙古2012高考卷和新疆哪个难,0
关于学习的名言,有关学习的名言,1
中国书法、篆刻和绘画之间有着怎样的联系？,中国书法和篆刻的代表人物、代表作品及其特点,0
防盗门大家都选什么牌子的？,什么牌子的防盗门好,1
金凤凰怎么死的,金凤凰怎么死了啊,1
这个是什么脸型什么字脸,上宽下宽是什么脸型,0
魅族手机好不好？,魅族手机好不好,1
苏教版六年级上册习作六,六年级上册苏教版的习作一,0
菊花的花瓣像什么,菊花开了花瓣像什么,1
魔兽世界云端翔龙骑士团前序任务,魔兽世界云端翔龙骑士团的问题,0
类似于这种图片的,类似于这种图片,1
怎么对付欠钱不还的人,欠钱不还的人怎么对付,1
请问辽宁经济职业技术学院怎么样？,辽宁工程职业学院怎么样？,0
蚂蚁的牙齿是什么颜色的？,蚂蚁的牙齿是什么颜色的？。,1
坐着睡觉放屁,坐着睾丸不舒服,0
百度云怎么上传文件？,怎么用百度云上传文件,1
童鞋是什么意思,童鞋什么意思,1
支付宝密码忘了怎么办？,微信密码忘了怎么办,0
请问这位女优叫什么名字,请问这位女优叫什么名字？,1
真的爱你吉他谱。,真的爱你木吉他谱,1
这个猫什么品种？,我的猫什么品种,1
大智慧和同花顺哪个好啊？,大智慧和同花顺哪个好,1
这是什么鱼(有图,这是什么狗？(有图),0
订牛奶哪个牌子好,牛奶牌子哪个好,1
硬盘是什么？,什么硬盘好,1
三国演义作者,三国演义的作者,1
广东省简称粤的由来,广东省简称什么,0
您好，如您的身份信息没有操作变更的话是不需要修改的,这里帮您创建身份证信息修改的受理单，您填写下可用的邮箱,0
怎么下载短片,怎么下载《我们》短片啊？,0
有好的网络游戏吗？,求最不坑钱的网络游戏,0
《学习家》软件怎么样,学习家软件怎么样,1
怎么逗老婆开心,怎么做才能哄老婆开心呢,1
书读百遍的下一句是什么？,书读百遍下一句昰什么,1
韩栋版鹿鼎记什么时候播,韩栋版鹿鼎记什么时候播出,1
苹果是酸性还是碱性的?,苹果是酸性还是碱性食物,1
信用卡能转账到支付宝吗,支付宝能给信用卡转账吗,0
过年去哪里旅游,过年去哪里旅游好,1
哪里有好的果树苗？,哪里卖果树苗,1
中短发染什么颜色好看？,短发染什么颜色好看、,1
推荐好玩的小游戏！,推荐个好玩的小游戏,1
农业银行网上怎么开通网银,怎么开通农业银行网银,1
字典是什么意思,胜在字典里是什么意思？,0
抑制不住的意思,抑制的意思？,0
是20分钟内给您回电。,钱款将会在3个工作日左右到达您的支付宝账户,0
我有一个天天酷跑号可以卖吗,谁能借我一个天天酷跑号,0
什么是子宫附件？,什么是子宫附件,1
海参怎么吃？,冻海参怎么吃,1
弹弹堂真么升级快,弹弹堂熔炼秘籍,0
梦幻小公主第五季简介,梦幻小公主7有没有,0
双子座就那么让人讨厌么?,双子座的男生在说分手后讨厌女生什么?,0
到哪里开单身证明？,单身证明在哪里开？,1
找一部好看的电影,求一部好看的电影！,1
穿越火线生化酒店踏空跳怎么跳？求教！,穿越火线踏空要拍大师吗?,0
重庆可以种什么水果好,重庆出什么水果,0
巧夺天工什么意思,巧夺天工什么意思？,1
湿疹传染吗，湿疹会不会传染？,请问一下湿疹会不会传染呢？,1
在哪下载电脑版我的世界,我的世界电脑版哪有下载,1
作文这件事真让我高兴,这件事真让我高兴作文,1
天津搬家公司哪家好？怎么选择搬家公司?,如何选择搬家公司？河北燕郊搬家公司哪家好？,0
工作失误检讨书怎么写,工作失误检讨书怎么写？,1
这个女毒贩裤子湿了么,猜这个女毒贩穿什么裤子呀,0
家长对孩子的寄语,女朋友生气了让她听什么歌,0
怀孕四个月还会流产吗,怀孕三个月还容易流产吗,0
百度知道怎么看升级？,百度知道如何升级,1
淘宝买家怎么修改退款金额,淘宝怎么修改退款金额,1
感觉萌萌哒是什么意思,感觉自己萌萌哒什么意思,1
苌苌养的狗叫什么名字？,酷狗叫什么名字,0
乡村爱情故事,乡村爱情故事哈哈,1
怎么在网上订票？,在网上怎么订票,1
是您之前还有账户已经是忘记了吗？淘宝账户还记得吗？,您现在是查看获取记录有记录使用记录没记录么,0
泡温泉有什么好处呢？,泡温泉对老年人有什么好处,1
老想尿尿怎么回事,老想吐怎么回事,0
女生被阿鲁巴什么感觉,女孩下面被舔会是啥感觉呢？,0
电视剧《明若晓溪》什么时候上映,何以笙箫默什么时候播出啊！,0
能推荐几部好看的小说吗？,有什么好看的小说可以推荐给我呢,1
请提供您的证件号码的后8位。,请您提供一下证件的后4位,1
求《战恋雪》的全本，谢谢！,求《庶女谋：妾本惊华》全本谢谢,0
韩束怎么代理？,韩束怎么做代理,1
求姐姐我们恋爱吧动漫,求动漫《姐姐我们来恋爱吧》！,1
问道中妖魔道任务找谁做,史上最坑爹的游戏，咋过，,0
什么零食最好吃,什么零食最好吃？,1
韩信点兵的歇后语是什么？,韩信点兵的歇后语是什么,1
关于家乡的作文,《我的家乡窊流》的作文,1
请把韩文翻译成中文，谢谢啊。,请帮忙翻译一下，谢谢！,0
二级建造师注册需要多长时间,二级建造师注册需要那些证件？,0
人的天敌是什么？,人的弱点是什么？,0
淘宝上买衣服，质量怎么样,淘宝的衣服质量怎么样？,1
什么牌子面膜补水好,什么牌子补水面膜好,1
江苏大学宿舍床桌摆放,江苏大学宿舍,0
要过年了卖点什么好,过年卖点什么吃得好,1
改装车怎么过年检,改装车如何过年检,1
酒吧工作的男的靠谱吗,赶集网找工作靠谱吗,0
那您重新注册一个就可以了,可以的，注销成功后24小时后注册就可以的,0
所以您在支付宝余额中是看不到的,余额宝的话，您可以下载余额宝的近30天账单就可以查询了,0
武汉昙华林在哪,武汉天地在哪?,0
淘宝兼职做什么最赚钱？,淘宝什么兼职最赚钱,1
江淮的汽车怎么样,江淮汽车怎么样啊？,1
如何让皮肤变白,皮肤黄怎么变白,1
如何把电信手机刷成移动,电信手机怎么刷成移动的啊,1
穿越火线怎样开挂啊,穿越火线怎样开挂,1
如何加盟淘宝,怎样加盟淘宝,1
龙与什么生肖相配,好蛇转抓地下鼠是什么生肖,0
哪里有美女图片打包下载?,从哪里打包下载美女图片,1
怎样可以快速的学拼音。,怎样快速学拼音,1
谁懂染发剂什么牌子好啊,什么牌子的染发剂好？,1
晚上睡觉脚出汗是怎么回事,晚上睡觉头出汗是怎么回事,0
钱嘉乐与钱小豪什么关系,钱小豪和钱嘉乐什么关系,1
怎样学好英语音标,怎样才可以学好英语音标啊？,1
谁有生死狙击的号，有尼泊尔的,谁借我生死狙击有尼泊尔的号呀,1
建议您卸载支付宝钱包，重新安装试一下,这边建议您先电脑端操作一下，或是您卸载支付宝钱包重新下载再操作转账尝试。,0
坐月子可以吃什么水果,坐月子可以吃什么水果？,1
还能在长高吗,吃什么可以长高,0
张杰的发型叫什么急,张杰这个是什么发型啊,1
金山电池医生有什么用？,金山电池医生最新版本是什么,0
怎样用手机转账啊？,用支付宝转账，可以用信用卡么？,0
油焖大虾老油怎么熬制,怎样做油闷大虾,0
摩尔庄园土豆号在哪,摩尔庄园土豆号上的云,0
明月几时有！的下一句是什么？,明月何时照我还前一句是什么？,0
我想给女儿起个名字,想给我的女儿起个名字,1
下载手机银行怎么下,怎么下载手机银行,1
禾美显卡怎么样,镭风显卡怎么样,0
陌生人可以相信吗？,陌生人能相信吗？,1
请问，这个图片出自何处？,对呀，请问一下,0
您好余额宝转出是走的交易日.周六周日不是交易日很抱歉.,是这样的，交易关闭或者交易成功都是需要等待下15天后才是操作注销的,0
磨铁中文网邀请码谢谢！,磨铁中文网求邀请链接，求注册！,1
皮卡堂这个发型叫什么,皮卡堂这发型叫什么？,1
求好看的小说,有什么好看的小说么？,1
在学校门口做什么生意好,学校门口做什么生意好呢,1
开个房地产公司,房地产公司名字,0
有没有谁不回家过年的,有没有谁很怕回家过年的？,0
土豆网视频看不了,土豆网的视频播不了,1
甲鱼枪怎样打,怎么杀甲鱼，,0
刘亦菲演了什么好看的电影，用英语怎么写,有没有什么好看的电影,0
填词：陈诗慧,<br>作曲：邓智伟,0
姓佟的女明星三个字的,姓胡的女明星属兔的有哪些,0
小米平板能打电话么？,这个充电宝可以带上飞机吗？,0
北京现代的车怎么样,北京现代怎么样,1
世界上最长的运河是什么？,世界上最长的运河是什么运河,1
有没有好听的粤语歌曲？推荐～谢谢侬。,有没有好听的粤语歌？介绍一下,1
香菜孕妇可以吃吗,孕妇能吃香菜吗,1
成语什么单良,单良打一成语是什么,0
淘宝运费模板怎么设置,淘宝运费模板怎么设置啊？,1
姐姐我不做,我和姐姐…,0
脱毛膏能永久脱毛吗？,什么脱毛膏可以永久脱毛？,1
这是什么标志？,这是什么车标志,0
最强大脑周玮是哪里人,最强大脑周玮哪里人,1
这个图片的情侣头像是什么？,有这个图片的情侣头像吗？,1
适合女生的热门专业有哪些,女生适合的都有哪些专业,1
如何拆笔记本键盘,笔记本键盘膜怎么贴,0
求一部外国搞笑电影,求一部外国搞笑的电影,1
怎么练出腹肌？我女的。,怎么才能练出腹肌来,1
声字加什么偏旁组成新字,史字可以加什么偏旁组成新字,0
这个动漫女孩是谁,动漫这个女的是谁,1
北京工商局注册查询110106013158811,北京工商局注册查询110105007757121,0
下面的图片是出自哪部动漫,请问~下面的图片出自哪部漫画,1
怎么让手指变得又细又长？,如何让手指变得又长又细,1
计算器怎么关？,这个计算器怎么用喔,0
求答案，欢乐猜成语,疯狂猜电视剧，求这个答案,0
小苹果什么意思,你会唱小苹果吗？是什么意思,1
枪神纪激活码怎么搞,枪神纪激活码怎么的啊,1
有人做过生物焊接双眼皮么？效果如何？,做生物焊接双眼皮几天恢复自然？,0
抱歉，您现在是已经认证满了。这个是无法继续认证账户的。,非常抱歉亲，您已经实名效验了，是不能修改认证的信息的,0
怎样降低龟头敏感度,怎样降低龟头敏感度啊？,1
描写英雄人物的成语,描写英雄人物的成语有哪些,1
想给朋友送礼物要送什么？,给朋友送礼物，送什么好？,1
龙可以组什么四字词语,欢什么活什么的四字词语,0
这衣服配牛仔九分裤好还是休闲裤好？,这个鞋子配九分裤可以吗,0
康熙通宝的背面，是什么字？,康熙通宝背面的909是什么字,1
有什么好的去火的产品呢？,有什么好的祛痘疤的产品？,0
鸡肉怎么做最好吃？,这是什么鱼？怎么做才好吃呢？,0
点击财富，点击账户名，点击账户详情进行修改,4、点击【立即查收邮件】，如果没有收到邮件，可点击【重新发送邮件】；,0
为什么步步高的手机那么贵？,平板电脑贵还是笔记本电脑贵,0
求此图片的出处,求此图片出处…,1
亲，支付宝客服是有不同的分工的，我帮你转接到对应客服帮您查询一下,好的，若是，没有到账，您记下对方客服的工号、查询时间我们给您处理,0
收到的那个失败的邮件,请问有没有收到邮件说明申诉失败,0
张杰的哪首歌最好听,张杰哪首歌最好听,1
什么是几何画板,哪个几何画板好？,1
初三数学三角函数值,初三，三角函数，数学,1
吃西餐怎么拿刀叉,吃西餐刀叉怎么拿,1
怎么删除贴吧里的帖子,怎样删除贴吧的帖子,1
这个情况出现多久了呢,您的这个2万的限额是比较高的了呢,0
请推荐一些电视电影更新最快的下载网站。,请推荐一些好的歌曲下载网站,0
女士手表哪个好,什么样的女士手表好,1
淘宝二手交易可以退货吗,淘宝二手交易能退货吗,1
明天买什么股票比较好呢,明天买什么股票可以账,1
现在手机上哪里可以买彩票,手机上哪里可以买彩票,1
非诚勿扰江苏卫视,「江苏卫视非诚勿扰」,1
宠物狗零食人能吃吗?,厘米宠物狗是不是不能吃太多，会长很大？,0
求好看的武侠电视剧,找好看的武侠电视剧,1
上海最近商场有打折活动吗？周年庆啥的。,最近上海有什么好玩的活动么？,0
求一对情侣头像,找一对情侣头像,1
怎样查询建筑物消防员成绩,建筑物消防员成绩查询怎么查啊,1
我想买小米怎么买？,小米四怎么样，,0
为啥都说挖掘机技术哪家强,学挖掘机到底哪家强段子,0
椰子好吃吗？,椰子好吃么？,1
嗯，这样的话，我帮您转接到对应的客服帮您查看具体是什么原因,这边也查询不到具体的失败原因的，这边可以给您回电查询一下具体失败原因吗？,0
微信营销的方法，如何利用微信宣传网站,如何很好的利用微信公众平台做推广,1
亚马逊购物卡怎么用？,亚马逊网购物怎么样？,0
想创业不知道做什么好,我想创业但不是知道做什么？,1
凡客帆布鞋的邮费,凡客诚品帆布鞋怎么样,0
功夫派猴子的最终武器是什么,功夫派猴子50级穿什么装备最好,0
有什么好看的宠文小说,有什么好看的宠文小说吗,1
喝牛奶再吃药可以吗,有一起再看流星雨吗,0
这是什么品种狗狗,这是什么品种的狗狗？趴蹄了吗,1
让人很难理解是什么成语的意思,意思是让人很难理解是什么成语,1
我国古代的四书指的是,我国古代的四书指的是什么？,1
赛尔号闪光皮皮在什么时候出现？,赛尔号闪光皮皮什么时候出现的？,1
红楼梦作者是谁？,红楼梦的作者是谁？,1
长沙天气怎么样,长沙天气怎么样。？,1
兔子为什么喜欢吃胡萝卜,兔子为什么喜欢吃胡萝卜？,1
怀孕多久才想吐,怀孕后多久想吐,1
这是什么牌子的帽子,这是什么牌子帽子,1
孔雀开屏了，美丽的羽毛像什么,孔雀开屏，美丽的羽毛像什么,1
学历怎么填,怎么查学历,0
求凉宫春日系列小说,求凉宫春日系列小说啊},1
怎么隐藏最近在玩,怎样隐藏最近在玩,1
猪脚怎么做好吃,猪脚怎么所好吃,1
九死一生，猜生肖,歇后语：猫捉老鼠狗看狗一,0
淘宝如何取消实名认证,淘宝实名认证怎么取消,1
吴奇隆刘诗诗结婚了吗,吴奇隆和刘诗诗结婚吗？,1
穿越火线费钱吗？,穿越火线很费钱么？,1
请帮我翻译一下这句话,谁帮我翻译一下这句话，,1
芯漾面膜怎么样？好做么？,搜狗问问好还是百度知道好呢,0
石家庄晚上哪里最好玩？,石家庄晚上哪里好玩,0
俄罗斯的首都在哪里？,俄罗斯的首都是那里,1
乌龟喜欢吃什么啊？,乌龟喜欢吃什么,1
企鹅是什么意思？,求企鹅是什么意思,1
为什么这配置玩逆战还是卡？,这配置为什么玩逆战很卡,1
披风热血江湖,热血江湖披风,1
吉林大学珠海学院怎么样?,吉林大学珠海学院怎样？,1
一个北斗七星和一条蛇是什么成语,北斗七星和一条蛇是什么成语,1
梦幻西游魔王起什么名字,梦幻西游好听的名字有哪些？,0
我是什么脸型适合空气刘海吗？,长脸型适合空气刘海吗？,1
这只鸟叫什么名字?,这只鸟叫什么名字？,1
为什么好多小说百度文库没有,为什么百度文库中好多小说没有,1
电子烟对人有害吗,抽电子烟有害吗？,1
人体骨骼图,绘画人体骨骼肌肉结构图,0
什么面膜好用？,什么面膜好用。？,1
是否是话费充值的呢,您的是充值话费是吗,1
怎么解三元一次方程,怎样解三元一次方程?,1
请问这是什么瓜(果),请问这个是什么字体？(英文),0
求一些像使命召唤4之类的单机游戏,安装完使命召唤2玩不了单机游戏,0
人与畜生的区别是什么,人与畜生的区别是什么！,1
月光族是什么意思？,月光族什么意思,1
人们比喻环卫工人什么,环卫工人比喻什么,1
化学蓝矾实验报告怎么写,生物化学怎么写设计性实验报告,0
用他人驾驶证扣分需要本人去吗？,驾驶证给别人扣分要本人去吗,1
我闺蜜，好看不。？,自己剪头发帘曾么见会好看,0
为什么附近的人搜索不到我微信,为什么微信上附近的人怎么搜不到我的位置,1
很抱歉亲，银行卡并没有扣款哦,很抱歉，辛苦您持银行卡到银行核实一下您的银行卡状态是否正常的。,0
现在什么手机铃声最好听,现在用什么手机铃声最好听,1
怎么自选车牌号,怎样自选车牌号,1
广告是怎么赚钱的？,怎样刷广告赚钱,0
手机听歌用什么软件好？,手机听歌用什么软件,1
空调什么牌子比较好？,空调什么牌子的比较好用？,1
请问您这里是什么学校的？,请问您的学校是国内公办的大学吗？,0
长庆油田好不,长庆油田贴吧,0
本末末本什么成语,本末末本是什么成语,1
为什么移动硬盘不显示,为什么我的移动硬盘不显示了,1
在赶集网上找工作可靠吗？。,赶集网上找工作可靠吗,1
求一个哔哩哔哩弹幕网邀请码！谢谢！,求哔哩哔哩弹幕网的邀请码！很急！,1
应允别人的话叫(),应允别人的话叫()言,1
女人吃了精子有什么好处?,女人吃精子有什么好处？,1
电子烟对人有害吗,电子烟有害吗,1
求国务卿夫人第四集,求国务卿夫人第四集！,1
赛尔号布莱克的英文名是什么,赛尔号布莱克的性格像是什么星座？,0
怎么和女生搭讪,怎么向女生搭讪,1
给姓王的男朋友起外号,我想给女儿起名字，本人姓高,0
QQ空间说说，怎么打空格。,QQ空间空格怎么打。,1
怎样去遗传雀斑,怎样去遗传雀斑n,1
银行理财产品和余额宝哪个收益高,银行理财产品和余额宝哪个更安全,0
红色高腰外套怎么搭配,皮甲外套红色怎么搭配,0
这是什么手链的材质是什么？有图,这是什么材质手链,1
这是什么茶花品种,这是茶花的哪个品种？,1
《工程造价基础知识》电子版,电子版《工程造价基础知识》,1
现在有什么3D效果好的单机游戏？,现在什么单机游戏比较好玩？,0
微信公众平台怎么加人?,在QQ里怎样操作才能添加好友,0
奇迹面膜怎么辨真假？,奇迹面膜怎么看真假,1
双子座和天蝎座谁厉害,双子座和天蝎座在一起谁是攻,0
豌豆怎么做才好吃,豌豆芽怎么做好吃？,0
别人说你是刺猬是什么意思,刺猬什么意思,0
田亮是哪里人？,怎样看足球赔率的是多少？,0
有什么好看的小说虐心的那种,有什么好看的虐心小说,1
杭州市民中心可以办理市民卡吗？,杭州市民卡可以同时借两辆车吗,0
万能钥匙怎么破解密码,怎么查看万能钥匙破解的密码,1
谁知道这么表情的名字,谁知道这表情动画的名字,1
《满秋》小梅扮演者是谁,浣碧的扮演者是谁,0
百度网盘的问题,百度网盘问题,1
办公室玩的网页游戏，或者是聊天软件什么的,有什么适合办公室玩玩的手机游戏么,0
请翻译成中文，谢谢了！,请翻译成韩中文，谢谢,0
时空猎人忘记哪个区了，怎么查？,时空猎人我忘记在哪个区了怎么办,1
踏步机什么牌子好？,什么牌子的踏步机好？,1
李医生怎么样？,李医生去痘怎么样,0
癌症传染吗,鸡眼传染吗,0
这个人物是那个动画片的？,这个是什么动画片里的人物？,1
猪骨头汤怎么熬最好喝,怎样熬骨头汤才好喝？我很想做,1
奇葩，是什么意思？,奇葩、是什么意思？,1
完美的玛丽艳怎么样？,完美的玛丽艳怎么样,1
柏组词，帮帮忙,有很组词！帮帮忙了！,0
铜与什么反应生成硫酸铜,氢氧化钠和硫酸铜反应生成什么,0
共识是什么意思,交叠共识是什么意思,0
iphone手机屏幕显示发黄是什么原因,红米手机屏幕上下发黄是什么原因,0
春晚有什么好看的小品什么的？,2015年春晚的小品都叫什么名,0
做个好学生有点累,怎样做个好学生？,0
